Label,volume,centerofMassX,centerofMassY,boundingBoxMinX,boundingBoxMinY,boundingBoxMaxX,boundingBoxMaxY,eigenvalueX,eigenvalueY,eigenvalueZ,aspectRatio,sphericity,numberOfTouchingNeighbors,averageDistanceOf5ClosestNeighbors,numberOfNeighborsCloserThan100.0
1,38,220.921,239.579,216,236,227,241,1.000,1.628,8.004,0.125,1.518,2,13.683,67
2,40,191.825,239.300,188,237,197,241,1.000,1.696,6.458,0.155,1.885,2,15.719,84
3,36,175.833,238.833,172,235,179,241,1.000,2.638,3.806,0.263,1.758,2,14.039,88
4,85,149.294,239.129,139,236,157,241,1.000,1.883,28.484,0.035,1.870,3,14.890,94
5,26,133.846,240.038,130,239,138,241,0.648,1.000,6.289,0.103,1.768,3,13.805,92
6,99,120.081,239.030,108,236,129,241,1.000,2.172,32.073,0.031,1.848,4,14.580,91
7,34,69.324,239.676,64,237,74,241,1.000,1.206,6.820,0.147,1.586,2,15.659,83
8,22,19.182,240.045,16,239,23,241,0.672,1.000,4.520,0.149,1.726,3,11.948,59
9,85,238.659,235.965,234,231,243,241,1.000,4.482,10.342,0.097,2.226,3,15.140,59
10,113,171.327,233.690,165,226,176,241,1.000,4.748,19.650,0.051,2.018,4,12.245,91
11,145,121.883,231.759,113,226,132,237,1.000,5.711,25.969,0.039,2.086,5,13.663,100
12,98,51.551,224.776,47,219,56,232,1.000,4.952,13.183,0.076,2.056,4,12.218,91
13,116,4.629,224.905,0,219,9,231,1.000,8.113,11.482,0.087,2.501,4,14.548,61
14,134,168.336,221.388,161,216,175,226,1.000,7.307,16.183,0.062,2.435,7,14.142,107
15,90,138.144,218.789,132,213,143,225,1.000,5.356,10.467,0.096,1.942,4,12.761,113
16,162,109.321,221.981,98,216,119,227,1.000,4.962,37.818,0.026,2.113,5,13.642,113
17,103,190.417,212.417,182,210,199,215,1.000,2.884,24.709,0.040,2.214,5,13.133,101
18,84,204.750,212.107,199,208,210,216,1.000,4.594,10.642,0.094,2.208,4,13.702,92
19,157,28.280,210.395,19,201,36,220,1.000,10.931,18.338,0.055,1.852,6,15.391,87
20,158,168.620,206.177,164,197,173,216,1.000,5.605,29.106,0.034,2.356,7,15.234,118
21,136,123.257,202.382,116,196,132,208,1.000,7.131,17.605,0.057,2.132,6,14.833,134
22,132,177.583,195.992,172,187,183,204,1.000,4.762,24.367,0.041,2.090,6,14.142,123
23,66,158.606,193.545,156,187,163,199,1.000,2.664,11.913,0.084,1.880,4,13.355,135
24,150,55.040,190.613,49,182,63,199,1.000,7.206,23.109,0.043,2.069,6,15.842,115
25,157,165.083,187.420,159,179,170,197,1.000,7.631,22.255,0.045,2.270,5,12.742,136
26,138,33.261,178.710,28,171,39,188,1.000,6.506,19.255,0.052,2.152,6,13.709,108
27,165,106.552,178.776,97,174,116,185,1.000,6.789,26.966,0.037,2.204,6,16.485,158
28,72,22.167,178.167,17,175,27,182,1.000,3.753,9.358,0.107,2.203,5,12.424,101
29,66,3.939,176.470,0,173,9,182,1.000,3.404,9.357,0.107,1.974,3,13.783,87
30,50,239.880,177.160,236,174,243,180,1.000,3.472,4.768,0.210,2.188,4,12.326,80
31,51,240.275,169.569,237,166,243,173,1.000,3.513,4.813,0.208,2.217,4,12.905,83
32,50,240.860,161.260,238,155,243,166,1.000,2.237,8.355,0.120,1.823,3,12.719,83
33,108,6.380,137.917,0,132,13,142,1.000,6.062,13.547,0.074,2.193,3,11.311,96
34,175,223.131,139.886,216,130,231,150,1.000,6.856,29.702,0.034,2.045,5,15.445,108
35,78,174.744,137.436,171,130,179,144,1.000,3.584,12.622,0.079,1.839,5,11.263,147
36,75,3.307,129.920,0,124,8,135,1.000,4.903,8.103,0.123,2.048,4,12.814,92
37,84,9.976,122.536,5,117,16,128,1.000,4.839,9.933,0.101,1.932,4,12.945,95
38,186,170.054,116.672,162,105,178,128,1.000,5.490,45.007,0.022,1.876,7,15.008,150
39,143,155.119,116.874,148,108,162,125,1.000,5.346,26.393,0.038,2.004,6,13.079,155
40,73,159.740,111.342,155,105,164,117,1.000,3.182,11.180,0.089,1.836,5,11.005,158
41,150,96.980,108.967,91,101,103,118,1.000,6.990,21.008,0.048,2.202,6,15.657,163
42,54,1.722,107.500,0,101,5,115,1.000,2.253,11.457,0.087,1.645,3,15.659,91
43,79,152.734,101.759,148,96,158,108,1.000,3.395,12.300,0.081,1.855,6,11.722,161
44,151,82.126,101.026,72,95,91,107,1.000,4.865,30.887,0.032,2.078,5,13.643,162
45,97,159.866,100.278,154,95,166,107,1.000,4.344,14.757,0.068,1.963,5,12.073,159
46,52,241.596,97.904,239,91,243,106,1.000,1.547,14.204,0.070,1.604,2,19.812,87
47,131,87.282,91.237,79,86,96,97,1.000,4.973,22.983,0.044,2.079,4,14.310,160
48,141,154.362,76.887,150,66,160,85,1.000,5.496,25.899,0.039,2.047,4,13.436,151
49,155,77.129,64.155,70,55,85,73,1.000,5.722,28.122,0.036,1.993,5,15.121,142
50,134,94.679,57.918,89,49,101,65,1.000,6.281,18.789,0.053,2.111,5,15.683,140
51,43,241.186,59.349,238,53,243,64,1.000,1.819,7.583,0.132,1.649,4,15.610,73
52,59,34.390,58.644,30,56,40,62,1.000,3.095,7.508,0.133,2.036,4,14.002,103
53,96,167.260,53.344,162,45,172,60,1.000,4.085,16.520,0.061,1.878,6,14.781,127
54,139,224.719,46.662,218,38,233,54,1.000,5.048,27.925,0.036,1.966,5,13.742,81
55,142,179.521,42.620,175,35,184,52,1.000,6.358,20.479,0.049,2.350,6,14.455,112
56,124,218.089,29.968,213,22,223,38,1.000,5.103,21.089,0.047,2.147,5,13.506,75
57,201,234.348,31.149,227,21,240,45,1.000,6.854,45.251,0.022,2.074,5,13.984,64
58,108,162.296,12.380,156,7,169,18,1.000,6.759,12.296,0.081,2.109,6,11.182,96
59,90,152.278,5.178,148,0,156,10,1.000,5.831,9.316,0.107,2.312,4,11.374,92
60,119,228.966,4.681,221,0,234,12,1.000,7.501,14.480,0.069,2.167,4,13.928,55
61,56,159.964,3.268,156,0,164,7,1.000,4.379,5.138,0.195,1.966,3,11.648,86
62,60,144.883,3.717,142,0,149,8,1.000,3.656,7.151,0.140,2.180,3,13.673,89
63,71,110.577,4.211,106,0,114,9,1.000,3.841,8.992,0.111,2.182,3,12.589,94
64,63,11.698,3.254,8,0,17,8,1.000,4.659,6.376,0.157,2.015,4,13.734,54
65,45,218.400,2.467,214,0,223,5,1.000,2.095,6.261,0.160,1.912,3,12.401,59
66,46,39.348,2.326,36,0,44,6,1.000,2.733,5.670,0.176,1.940,2,13.157,66
67,65,24.323,3.154,18,0,28,7,1.000,4.312,7.544,0.133,2.057,4,11.989,58
68,64,209.031,2.344,202,0,215,5,1.000,2.340,11.760,0.085,1.934,3,14.038,64
69,291,219.766,112.474,207,101,233,123,1.000,9.123,62.660,0.016,2.124,5,20.800,107
70,943,218.729,88.349,199,61,238,118,1.000,47.653,231.787,0.004,1.987,10,20.778,107
71,190,236.068,93.011,228,79,243,104,1.000,5.210,51.149,0.020,1.903,5,17.342,92
72,242,205.897,124.773,192,115,220,133,1.000,6.367,64.786,0.015,1.956,7,16.736,120
73,325,192.695,111.815,177,100,208,124,1.000,6.806,100.922,0.010,1.971,8,17.737,133
74,215,29.098,158.316,23,146,35,173,1.000,7.113,45.880,0.022,2.066,9,15.399,113
75,218,199.807,84.326,186,80,212,89,1.000,6.593,53.094,0.019,2.246,5,15.295,124
76,191,206.743,51.194,200,42,213,61,1.000,9.409,25.534,0.039,2.359,5,16.349,96
77,234,197.427,98.363,184,90,210,107,1.000,6.077,69.869,0.014,2.040,5,16.104,133
78,192,231.458,73.495,223,65,240,83,1.000,6.935,35.188,0.028,2.175,4,16.588,89
79,167,190.623,93.036,180,88,204,99,1.000,4.474,41.784,0.024,1.982,4,14.703,136
80,176,31.176,144.915,22,136,41,153,1.000,5.920,35.599,0.028,1.998,5,15.184,118
81,168,106.351,74.560,95,69,117,79,1.000,6.326,29.648,0.034,2.165,5,15.970,153
82,217,177.848,101.594,169,88,188,114,1.000,5.579,61.409,0.016,1.858,6,15.171,149
83,332,163.982,86.042,147,76,180,95,1.000,7.799,97.940,0.010,2.108,12,16.686,154
84,215,128.470,212.433,118,204,139,222,1.000,8.064,38.319,0.026,2.117,7,13.949,120
85,170,97.124,93.641,88,86,106,101,1.000,6.673,28.607,0.035,2.120,5,13.033,162
86,290,14.866,66.307,0,61,32,72,1.000,7.620,76.558,0.013,2.162,8,17.268,91
87,201,144.517,115.532,136,105,154,127,1.000,5.640,48.491,0.021,1.975,7,14.106,155
88,186,165.737,37.742,157,29,174,46,1.000,7.229,33.017,0.030,2.189,8,14.264,117
89,157,124.006,59.561,118,52,129,68,1.000,8.579,18.884,0.053,2.427,4,14.300,139
90,194,198.402,129.948,186,120,208,139,1.000,4.870,54.956,0.018,1.884,5,14.154,124
91,173,212.509,144.179,208,133,218,155,1.000,5.436,36.926,0.027,2.208,7,15.654,120
92,128,140.352,91.969,133,85,149,98,1.000,4.011,26.904,0.037,1.981,5,14.080,159
93,298,35.346,198.299,25,180,45,213,1.000,7.117,82.332,0.012,1.961,10,16.949,97
94,223,50.915,141.596,42,130,61,153,1.000,6.340,53.342,0.019,2.021,8,15.566,136
95,156,202.442,173.231,197,164,208,183,1.000,5.501,28.552,0.035,2.190,7,14.939,117
96,173,192.457,167.948,187,156,199,179,1.000,5.043,40.145,0.025,2.029,6,13.509,127
97,74,182.851,143.257,179,137,188,148,1.000,4.239,8.889,0.113,1.937,6,12.118,143
98,149,193.940,154.383,185,145,201,163,1.000,4.536,33.140,0.030,1.888,6,12.336,133
99,191,96.178,81.770,84,76,109,86,1.000,5.684,45.278,0.022,2.110,6,12.982,160
100,273,20.571,106.755,5,99,35,115,1.000,7.367,69.869,0.014,2.120,10,17.048,107
101,221,59.240,37.869,46,30,71,46,1.000,7.049,49.302,0.020,2.055,6,15.532,105
102,177,150.729,150.237,139,144,162,157,1.000,5.418,38.847,0.026,2.006,6,14.937,166
103,150,43.247,144.960,36,136,51,153,1.000,5.379,28.486,0.035,2.008,5,14.602,132
104,205,239.293,113.537,232,100,243,129,1.000,5.179,63.521,0.016,2.002,5,20.133,87
105,227,195.000,232.767,184,224,206,241,1.000,7.165,50.398,0.020,2.195,5,13.524,89
106,224,224.969,58.183,212,51,239,65,1.000,5.812,57.439,0.017,2.074,8,16.048,88
107,113,144.478,103.124,138,96,152,110,1.000,4.311,20.082,0.050,1.884,5,13.131,158
108,233,43.073,87.163,34,71,52,102,1.000,4.735,83.581,0.012,1.795,6,14.959,128
109,183,205.005,153.317,201,140,209,167,1.000,3.998,54.934,0.018,2.051,7,13.145,123
110,119,60.924,157.244,54,153,67,163,1.000,6.167,15.415,0.065,2.340,6,14.306,144
111,162,184.735,176.858,179,165,190,188,1.000,5.149,34.662,0.029,1.996,5,14.307,129
112,278,193.468,204.712,176,199,210,209,1.000,6.522,79.824,0.013,2.191,8,13.480,106
113,209,98.024,124.522,89,113,107,135,1.000,6.914,43.675,0.023,2.028,7,16.047,166
114,155,203.419,227.432,192,223,213,233,1.000,5.305,30.165,0.033,2.114,4,12.666,88
115,203,191.517,133.911,179,124,203,145,1.000,4.354,62.932,0.016,1.777,6,12.338,132
116,176,174.580,184.631,169,173,181,197,1.000,4.410,46.430,0.022,1.998,6,13.408,133
117,169,58.331,124.586,49,117,68,134,1.000,6.768,29.199,0.034,1.945,6,16.103,139
118,268,146.034,67.149,141,49,151,83,1.000,5.511,94.365,0.011,2.051,6,14.121,148
119,134,165.985,69.366,161,60,172,79,1.000,4.131,29.115,0.034,1.979,5,11.932,141
120,180,36.733,220.472,31,211,41,231,1.000,7.336,29.831,0.034,2.409,5,13.517,86
121,133,50.887,160.233,44,153,57,169,1.000,5.596,21.886,0.046,2.032,6,13.124,132
122,159,174.302,13.969,167,7,183,21,1.000,7.169,22.745,0.044,2.218,7,12.328,89
123,300,179.957,224.827,174,205,188,241,1.000,6.270,105.308,0.009,2.007,10,13.362,99
124,278,128.845,91.000,118,76,139,107,1.000,6.684,83.727,0.012,1.907,11,16.158,159
125,202,115.842,51.752,108,41,123,61,1.000,6.996,39.720,0.025,2.191,5,13.566,136
126,167,6.305,114.754,0,107,15,126,1.000,6.410,31.042,0.032,2.037,5,13.760,93
127,204,200.696,9.230,193,0,208,20,1.000,7.242,39.852,0.025,2.265,7,14.726,74
128,194,137.990,81.649,128,72,151,90,1.000,6.127,47.224,0.021,1.884,7,15.407,156
129,336,67.185,94.613,50,83,86,105,1.000,6.565,116.204,0.009,1.948,10,16.131,151
130,190,237.926,9.489,232,0,243,20,1.000,7.634,32.727,0.031,2.350,4,17.618,53
131,154,25.922,132.734,18,125,35,140,1.000,4.618,33.117,0.030,2.043,3,13.169,112
132,227,117.322,69.304,106,61,128,79,1.000,7.362,49.429,0.020,2.142,8,17.036,149
133,193,16.269,135.845,9,124,23,147,1.000,6.072,46.194,0.022,2.019,9,12.408,105
134,250,134.812,37.492,126,24,144,51,1.000,6.871,62.276,0.016,2.042,7,15.332,126
135,166,150.795,217.145,140,211,161,224,1.000,5.276,34.878,0.029,2.029,6,14.504,119
136,180,151.811,135.139,144,125,159,144,1.000,6.071,35.635,0.028,2.083,5,12.836,160
137,199,221.402,17.678,209,13,237,23,1.000,6.123,46.135,0.022,2.060,8,14.263,65
138,147,65.701,109.633,55,104,76,115,1.000,4.309,33.617,0.030,1.981,5,15.528,149
139,142,151.817,225.894,143,219,160,233,1.000,4.991,28.549,0.035,1.994,6,12.855,107
140,218,202.578,27.023,192,19,215,35,1.000,7.078,45.931,0.022,2.136,7,15.737,85
141,170,182.471,160.853,177,149,189,172,1.000,4.851,40.935,0.024,2.005,6,12.914,140
142,205,40.839,62.010,30,53,51,72,1.000,6.053,48.092,0.021,2.002,8,13.638,113
143,210,226.967,155.410,217,144,237,167,1.000,4.685,64.227,0.016,1.898,7,13.969,102
144,142,45.514,75.789,39,67,51,85,1.000,5.035,26.889,0.037,2.057,5,13.956,124
145,120,124.683,106.367,120,96,130,115,1.000,3.828,25.370,0.039,1.898,4,14.847,159
146,253,161.431,133.411,153,117,169,149,1.000,5.935,85.801,0.012,1.897,7,13.972,153
147,159,15.736,219.503,10,212,23,228,1.000,8.757,19.046,0.053,2.289,5,13.162,72
148,161,43.845,121.870,35,113,52,132,1.000,4.278,40.836,0.024,1.883,6,13.531,123
149,450,229.524,125.618,216,110,239,143,1.000,25.831,58.517,0.017,2.448,5,17.908,100
150,172,187.948,189.727,182,178,194,200,1.000,4.815,43.259,0.023,2.077,5,12.740,120
151,187,90.866,167.968,85,156,97,182,1.000,4.424,53.723,0.019,1.929,8,16.158,159
152,219,153.767,17.767,143,9,164,28,1.000,6.479,50.655,0.020,2.092,7,12.158,104
153,123,210.821,163.846,206,155,216,175,1.000,4.106,27.407,0.036,1.812,5,14.343,114
154,248,120.310,179.282,115,164,125,195,1.000,6.346,68.361,0.015,2.075,10,15.346,155
155,138,20.790,56.362,13,51,30,61,1.000,5.499,24.855,0.040,2.227,4,13.779,92
156,274,154.617,182.047,140,170,168,192,1.000,6.164,86.358,0.012,1.962,8,14.569,150
157,208,46.188,29.120,34,20,57,36,1.000,5.745,55.965,0.018,2.021,5,14.100,90
158,217,60.613,21.498,55,8,66,34,1.000,6.418,51.802,0.019,2.183,7,15.409,91
159,197,170.797,104.000,161,91,181,118,1.000,3.812,73.741,0.014,1.671,5,12.633,146
160,155,170.645,151.452,165,140,176,163,1.000,4.461,39.229,0.025,1.886,5,13.193,149
161,188,154.027,50.872,143,41,165,60,1.000,4.299,55.030,0.018,1.845,6,15.542,133
162,205,63.010,207.254,55,198,68,221,1.000,7.987,40.573,0.025,2.212,6,15.273,112
163,150,126.947,43.753,120,35,133,52,1.000,7.883,21.247,0.047,2.008,5,14.860,127
164,173,155.405,163.642,146,156,166,172,1.000,5.182,39.867,0.025,1.976,7,15.863,158
165,145,84.145,118.938,76,111,93,127,1.000,4.577,31.163,0.032,1.907,5,13.354,161
166,136,73.471,137.132,66,129,81,145,1.000,4.374,28.240,0.035,1.938,4,12.618,155
167,190,195.974,190.311,190,178,202,201,1.000,5.953,43.108,0.023,2.160,6,14.538,114
168,101,195.733,146.545,189,139,201,154,1.000,3.432,21.665,0.046,1.808,5,12.589,134
169,191,157.335,171.199,146,162,169,181,1.000,4.321,60.711,0.016,1.823,6,15.558,150
170,115,190.061,219.357,183,216,197,223,1.000,4.975,17.572,0.057,2.486,5,12.675,97
171,383,50.658,49.076,24,42,74,57,1.000,5.732,196.919,0.005,1.822,10,14.120,109
172,91,3.747,236.505,0,231,9,241,1.000,5.540,10.679,0.094,2.329,2,15.387,53
173,305,216.731,175.548,208,162,225,190,1.000,14.104,45.671,0.022,2.331,5,14.159,104
174,232,115.651,162.082,106,150,124,174,1.000,6.515,57.115,0.018,2.075,7,16.638,162
175,181,136.453,175.508,125,167,147,184,1.000,4.730,48.762,0.021,1.887,5,13.735,156
176,153,104.771,24.340,100,15,109,35,1.000,5.148,29.920,0.033,2.231,7,14.284,113
177,203,106.995,190.527,97,182,116,200,1.000,6.638,41.084,0.024,2.142,4,14.407,147
178,193,45.389,41.218,32,36,60,46,1.000,4.206,61.186,0.016,1.970,5,15.303,99
179,209,96.904,147.699,91,134,102,162,1.000,5.150,55.071,0.018,2.077,6,14.876,170
180,105,239.295,151.924,234,143,243,160,1.000,3.799,19.832,0.050,1.922,3,13.605,88
181,148,125.912,8.473,120,0,131,17,1.000,6.352,23.856,0.042,2.255,4,14.285,97
182,231,214.481,192.991,202,183,227,203,1.000,5.319,69.182,0.014,1.897,7,15.518,98
183,161,214.025,234.335,205,227,222,241,1.000,6.506,27.455,0.036,2.168,6,12.977,74
184,139,143.403,134.374,138,124,150,144,1.000,4.026,33.974,0.029,1.908,5,13.731,164
185,137,162.985,233.883,157,226,169,241,1.000,6.487,19.981,0.050,2.216,5,12.820,96
186,209,212.541,39.191,204,29,221,51,1.000,6.405,49.472,0.020,2.077,6,13.961,85
187,151,238.781,49.517,232,37,243,59,1.000,5.038,33.859,0.030,1.959,6,15.295,68
188,248,93.242,43.645,84,29,103,57,1.000,5.806,70.921,0.014,1.948,7,14.027,132
189,158,208.209,197.582,200,190,219,205,1.000,4.631,37.423,0.027,1.963,5,15.008,99
190,163,165.693,142.926,161,130,170,155,1.000,3.817,46.783,0.021,2.004,6,12.689,157
191,165,87.091,178.442,80,168,93,189,1.000,5.255,34.481,0.029,2.021,6,16.058,148
192,142,19.493,171.620,9,166,28,176,1.000,4.500,31.549,0.032,2.123,6,12.589,101
193,235,174.745,162.404,169,145,182,179,1.000,4.224,92.547,0.011,1.805,8,15.017,145
194,245,177.808,61.620,170,47,186,77,1.000,5.261,77.644,0.013,1.972,8,13.840,127
195,251,70.072,77.307,62,65,79,90,1.000,12.035,37.464,0.027,2.138,5,16.478,144
196,269,113.253,129.364,103,115,123,142,1.000,6.837,73.219,0.014,2.056,8,17.457,162
197,121,51.802,61.446,45,54,59,70,1.000,3.881,26.971,0.037,1.849,4,13.083,120
198,270,151.044,39.352,136,28,166,50,1.000,5.909,88.732,0.011,1.871,5,15.190,119
199,106,172.491,67.708,167,60,178,76,1.000,3.309,23.676,0.042,1.867,4,12.609,134
200,72,79.653,2.403,72,0,86,7,1.000,3.531,11.742,0.085,1.819,2,15.277,86
201,212,121.019,29.340,115,18,128,41,1.000,7.241,39.917,0.025,2.262,8,16.122,117
202,102,240.765,208.127,236,200,243,219,1.000,2.646,30.881,0.032,1.885,4,16.479,71
203,190,121.695,138.068,117,127,128,150,1.000,5.416,45.555,0.022,2.160,6,16.664,163
204,136,180.875,133.588,170,126,190,143,1.000,3.722,38.483,0.026,1.640,7,12.696,142
205,134,35.657,123.075,27,115,44,133,1.000,3.696,35.076,0.029,1.711,4,13.264,117
206,200,141.935,234.115,128,230,157,239,1.000,4.596,61.276,0.016,1.969,7,12.138,102
207,161,87.963,229.261,77,224,99,234,1.000,5.200,34.072,0.029,2.045,5,15.434,102
208,149,81.852,237.718,72,232,95,241,1.000,4.492,36.105,0.028,1.942,5,16.793,91
209,160,231.706,201.894,225,191,238,212,1.000,4.491,36.949,0.027,1.980,5,13.971,79
210,209,133.976,165.292,123,155,146,175,1.000,5.539,61.514,0.016,1.892,6,13.324,155
211,162,9.827,158.617,0,155,23,163,1.000,4.591,41.849,0.024,2.177,3,12.724,92
212,241,138.618,151.415,124,142,154,162,1.000,4.926,88.009,0.011,1.801,7,14.468,162
213,120,186.425,6.475,181,0,192,15,1.000,4.709,20.418,0.049,2.101,4,12.661,79
214,150,24.620,29.107,14,24,33,35,1.000,5.292,28.052,0.036,2.133,8,14.780,77
215,151,16.715,194.278,7,189,26,199,1.000,5.071,29.082,0.034,2.212,4,13.440,88
216,302,204.930,69.338,194,57,216,79,1.000,13.520,48.040,0.021,2.316,5,19.248,114
217,204,210.475,220.755,198,216,224,226,1.000,5.666,49.112,0.020,2.149,7,13.126,86
218,240,12.767,85.342,4,72,21,100,1.000,5.356,79.556,0.013,1.987,5,13.352,101
219,144,112.264,19.882,108,10,117,29,1.000,4.606,30.734,0.033,2.214,6,12.570,106
220,225,50.578,108.862,37,99,64,119,1.000,4.415,77.565,0.013,1.825,9,15.526,133
221,110,176.718,27.073,172,20,182,34,1.000,4.369,18.392,0.054,2.056,5,13.159,98
222,198,136.621,192.606,125,182,148,201,1.000,4.725,61.335,0.016,1.867,5,15.414,143
223,144,75.903,163.757,68,156,85,171,1.000,5.268,29.920,0.033,1.954,7,15.450,153
224,282,90.025,72.443,75,61,105,84,1.000,5.905,92.040,0.011,1.891,9,15.442,154
225,204,226.554,165.034,216,153,237,177,1.000,4.198,70.602,0.014,1.783,8,13.809,101
226,172,112.477,147.919,108,135,117,160,1.000,4.641,43.265,0.023,2.077,4,15.618,164
227,178,236.888,142.433,229,130,243,154,1.000,4.402,52.673,0.019,1.913,5,15.543,93
228,210,12.114,188.152,0,181,27,196,1.000,4.789,71.089,0.014,1.942,5,11.543,87
229,198,44.197,21.182,32,12,55,29,1.000,5.491,48.240,0.021,1.956,5,14.031,81
230,351,194.689,49.917,184,33,207,71,1.000,8.191,123.797,0.008,1.910,6,15.759,107
231,271,5.657,52.838,0,41,13,64,1.000,12.646,39.567,0.025,2.665,4,17.781,76
232,349,130.206,121.768,121,105,138,141,1.000,11.583,83.928,0.012,2.067,7,16.000,157
233,102,7.500,145.196,0,141,15,148,1.000,3.637,20.340,0.049,2.111,3,11.472,98
234,208,79.827,55.236,68,42,91,68,1.000,4.134,75.391,0.013,1.664,7,15.491,136
235,190,10.658,38.974,0,32,23,45,1.000,5.089,48.298,0.021,2.103,5,15.732,75
236,197,186.452,47.934,180,35,194,62,1.000,4.558,59.680,0.017,1.904,5,14.777,114
237,146,131.390,180.377,124,170,141,189,1.000,3.863,38.897,0.026,1.764,4,13.801,153
238,224,11.723,166.103,0,158,26,173,1.000,6.178,63.784,0.016,2.027,4,12.104,95
239,252,116.944,107.643,108,90,126,126,1.000,3.840,117.188,0.009,1.723,4,14.232,163
240,251,108.179,92.896,99,77,118,109,1.000,5.476,84.924,0.012,1.815,6,15.082,163
241,223,44.202,182.417,36,169,51,195,1.000,6.885,48.703,0.021,2.068,8,14.603,114
242,159,97.101,9.038,93,0,102,19,1.000,5.685,32.580,0.031,2.218,5,13.704,100
243,183,67.628,12.923,58,2,76,23,1.000,5.240,43.906,0.023,1.901,5,13.614,88
244,159,11.786,151.610,0,148,22,155,1.000,4.137,43.854,0.023,2.289,4,12.119,101
245,185,76.211,40.357,66,28,87,52,1.000,4.291,59.975,0.017,1.670,5,15.912,118
246,202,78.045,107.114,63,99,92,115,1.000,4.281,68.803,0.015,1.771,6,13.213,153
247,122,38.869,169.598,35,159,44,179,1.000,3.571,28.193,0.035,1.919,4,12.811,118
248,131,26.229,16.015,22,8,31,25,1.000,4.763,24.940,0.040,2.227,5,12.020,69
249,194,56.840,232.995,45,223,67,241,1.000,5.497,46.952,0.021,1.929,6,13.257,85
250,114,102.070,43.842,97,35,106,52,1.000,3.987,21.878,0.046,2.030,4,12.836,133
251,160,42.369,160.969,34,152,50,172,1.000,5.155,36.983,0.027,1.875,6,13.271,127
252,158,21.690,227.601,16,216,28,238,1.000,4.120,40.954,0.024,1.963,6,10.960,70
253,174,23.937,93.109,17,82,32,104,1.000,4.583,45.482,0.022,1.932,4,14.190,110
254,73,39.630,236.589,36,231,45,241,1.000,3.803,9.960,0.100,2.011,4,13.666,72
255,106,228.925,229.189,222,224,236,236,1.000,5.273,14.818,0.067,1.934,6,11.892,68
256,197,191.102,25.528,182,14,201,37,1.000,5.583,51.702,0.019,1.861,6,14.745,89
257,123,8.797,181.642,0,177,17,186,1.000,4.091,24.854,0.040,2.136,4,11.557,89
258,226,71.031,152.451,58,142,84,162,1.000,4.637,77.349,0.013,1.869,6,13.852,154
259,242,84.471,12.657,76,0,93,26,1.000,6.350,65.389,0.015,2.087,6,13.118,98
260,230,221.130,215.417,210,205,236,225,1.000,5.725,71.440,0.014,1.891,7,14.057,80
261,204,85.471,146.147,79,134,92,156,1.000,9.889,36.044,0.028,2.149,8,14.848,166
262,259,108.224,46.328,100,30,115,63,1.000,5.716,91.945,0.011,1.926,8,13.587,136
263,193,132.585,224.917,120,218,147,231,1.000,5.810,49.328,0.020,1.923,7,12.482,110
264,76,179.395,4.684,175,0,184,11,1.000,3.837,10.776,0.093,1.972,3,12.210,81
265,159,224.818,183.346,220,170,232,194,1.000,4.616,42.678,0.023,1.820,5,13.760,95
266,143,65.336,173.832,58,164,74,183,1.000,4.091,35.180,0.028,1.787,5,13.033,138
267,364,188.676,75.195,175,52,201,95,1.000,5.924,173.463,0.006,1.736,8,16.969,129
268,197,229.020,211.838,218,204,240,221,1.000,5.423,48.875,0.020,1.997,6,13.260,79
269,159,169.270,27.396,162,18,176,39,1.000,4.819,38.850,0.026,1.918,6,13.507,105
270,175,216.303,9.543,206,5,228,13,1.000,5.242,40.029,0.025,2.292,5,11.278,64
271,220,57.000,173.141,49,162,66,187,1.000,6.089,57.950,0.017,1.958,5,14.019,133
272,62,25.677,237.258,22,232,30,241,1.000,3.654,7.207,0.139,1.994,3,10.711,66
273,199,157.372,67.151,150,54,166,82,1.000,4.366,67.041,0.015,1.792,5,12.434,144
274,205,77.532,123.380,64,115,90,134,1.000,4.437,70.253,0.014,1.789,6,12.632,155
275,100,2.740,95.280,0,83,7,103,1.000,3.179,24.715,0.040,1.796,3,15.342,94
276,246,137.256,201.833,122,191,150,211,1.000,5.757,81.922,0.012,1.899,6,14.697,133
277,183,137.694,130.350,132,117,145,144,1.000,4.134,58.426,0.017,1.856,4,13.472,161
278,218,103.908,231.431,89,225,120,239,1.000,4.485,72.963,0.014,1.863,6,13.140,101
279,167,41.012,110.473,30,102,53,119,1.000,3.818,50.587,0.020,1.746,6,15.143,123
280,258,64.446,139.539,51,128,79,151,1.000,5.418,87.550,0.011,1.849,6,13.607,148
281,159,87.943,22.755,82,10,94,34,1.000,4.385,39.652,0.025,1.868,4,13.309,110
282,303,110.696,105.020,101,84,122,126,1.000,4.611,149.778,0.007,1.678,5,13.039,162
283,156,72.314,6.558,62,0,80,15,1.000,5.147,33.020,0.030,2.002,4,13.728,86
284,330,57.839,82.630,49,67,67,95,1.000,13.576,62.585,0.016,2.221,5,15.156,136
285,105,241.114,26.295,238,13,243,37,1.000,2.029,38.528,0.026,1.736,3,17.385,58
286,52,3.135,199.308,0,195,7,204,1.000,3.005,6.325,0.158,1.871,3,16.493,74
287,199,25.437,50.015,11,44,41,55,1.000,3.616,72.615,0.014,1.873,6,15.357,94
288,285,25.625,122.940,12,110,41,140,1.000,6.735,99.121,0.010,1.717,8,13.676,111
289,195,228.026,36.605,222,23,236,50,1.000,4.098,63.622,0.016,1.891,5,12.650,70
290,153,31.000,231.320,26,221,37,241,1.000,4.933,32.278,0.031,2.096,5,10.999,72
291,152,118.191,10.434,114,0,123,22,1.000,4.181,37.719,0.027,2.087,4,12.203,102
292,237,67.747,183.987,57,168,78,197,1.000,4.766,86.954,0.012,1.781,5,12.330,133
293,216,105.810,200.769,92,191,119,209,1.000,4.891,69.302,0.014,1.852,6,13.308,135
294,174,136.161,158.046,124,149,148,167,1.000,3.430,62.415,0.016,1.713,5,13.735,165
295,225,59.747,65.031,49,56,71,77,1.000,9.392,51.263,0.020,1.945,6,15.541,130
296,227,47.868,204.079,41,189,54,218,1.000,6.105,66.726,0.015,1.914,7,15.535,106
297,215,76.819,31.153,66,19,87,43,1.000,5.162,65.079,0.015,1.846,7,15.522,112
298,193,77.694,193.927,68,182,87,203,1.000,5.719,49.369,0.020,1.923,4,14.315,132
299,208,34.202,83.760,27,68,42,98,1.000,3.628,79.841,0.013,1.806,5,13.520,116
300,268,92.522,196.959,82,182,103,212,1.000,5.926,90.989,0.011,1.896,7,16.470,139
301,166,93.476,29.253,87,19,100,42,1.000,4.529,41.861,0.024,1.922,5,13.789,118
302,151,73.311,128.245,63,119,83,137,1.000,3.175,47.648,0.021,1.714,5,11.878,151
303,324,102.525,160.373,94,143,110,175,1.000,10.716,74.428,0.013,2.237,6,15.159,162
304,150,18.653,12.613,15,1,22,23,1.000,3.917,39.467,0.025,2.069,5,10.574,61
305,365,76.575,208.436,65,189,91,227,1.000,9.202,130.247,0.008,1.871,9,16.336,118
306,79,240.975,73.063,237,64,243,81,1.000,2.669,20.250,0.049,1.781,4,17.857,80
307,170,68.182,232.859,56,223,77,241,1.000,4.266,46.263,0.022,1.810,6,14.272,91
308,178,188.056,16.893,180,6,196,28,1.000,4.960,43.368,0.023,1.913,5,12.703,85
309,344,135.445,62.078,127,46,142,76,1.000,14.840,55.677,0.018,2.526,6,16.580,146
310,324,156.534,204.633,147,189,166,218,1.000,12.273,63.486,0.016,2.237,7,15.185,126
311,97,109.268,207.072,102,202,117,213,1.000,3.184,20.295,0.049,1.823,4,13.491,131
312,204,88.466,214.760,76,208,102,221,1.000,4.740,62.290,0.016,1.995,5,16.051,114
313,219,16.836,33.507,2,26,32,41,1.000,4.539,79.647,0.013,1.869,7,14.500,75
314,159,56.918,213.874,52,201,64,226,1.000,3.924,48.764,0.021,1.820,5,14.254,103
315,282,25.337,83.202,14,70,37,101,1.000,9.171,102.973,0.010,1.824,6,13.938,112
316,155,44.910,226.832,41,214,50,239,1.000,3.747,46.591,0.021,1.886,6,11.290,85
317,175,75.280,184.520,68,172,82,197,1.000,4.262,50.315,0.020,1.845,4,13.184,136
318,166,5.717,86.440,0,72,13,98,1.000,3.318,58.108,0.017,1.781,4,15.437,93
319,137,52.591,6.730,45,0,61,14,1.000,4.367,28.116,0.036,2.008,5,15.649,76
320,85,32.224,5.494,29,0,36,13,1.000,4.005,12.278,0.081,2.125,4,10.652,63
321,305,100.092,217.515,76,207,122,227,1.000,3.842,184.668,0.005,1.611,8,13.484,121
322,65,0.892,20.354,0,7,3,31,0.670,1.000,49.070,0.014,1.303,3,16.277,54
323,92,105.261,237.707,96,232,112,241,1.000,2.789,21.980,0.045,1.825,4,14.889,94
324,73,240.479,186.041,237,181,243,193,1.000,3.065,12.539,0.080,2.112,2,13.191,77
325,120,92.242,136.367,88,127,97,146,1.000,3.559,30.689,0.033,1.898,5,15.067,168
326,189,4.804,11.783,0,0,9,25,1.000,4.665,55.017,0.018,2.096,4,12.966,52
327,107,227.579,236.757,220,230,238,241,1.000,3.395,24.958,0.040,1.758,4,11.163,64
328,203,136.079,7.704,127,0,142,18,1.000,10.660,29.217,0.034,2.386,5,14.451,97
329,418,12.821,206.823,0,195,30,219,1.000,14.841,85.686,0.012,2.414,6,14.591,79
330,235,140.617,25.026,127,15,156,36,1.000,4.891,83.421,0.012,1.771,7,14.838,111
331,129,150.372,24.155,141,15,161,33,1.000,2.857,43.973,0.023,1.543,4,13.614,110
332,93,170.022,3.237,164,0,176,7,1.000,4.718,12.623,0.079,2.256,4,11.957,85
333,248,39.218,12.347,30,0,53,26,1.000,5.914,72.773,0.014,1.871,6,11.591,75
334,124,12.185,17.323,9,8,16,26,1.000,3.989,28.800,0.035,1.879,5,11.421,61
335,214,234.584,188.939,228,177,243,200,1.000,7.076,48.364,0.021,2.163,6,12.834,82
336,110,11.982,233.918,7,227,16,241,1.000,5.338,15.882,0.063,2.220,5,11.079,60
337,99,239.505,226.061,233,220,243,234,1.000,6.980,11.488,0.087,1.990,5,14.528,60
338,95,104.463,7.863,101,0,108,14,1.000,3.871,15.591,0.064,2.189,4,11.870,99
